{"meta":{"version":1,"warehouse":"5.0.1"},"models":{"Asset":[{"_id":"node_modules/hexo-theme-landscape/source/css/style.styl","path":"css/style.styl","modified":0,"renderable":1},{"_id":"node_modules/hexo-theme-landscape/source/fancybox/jquery.fancybox.min.css","path":"fancybox/jquery.fancybox.min.css","modified":0,"renderable":1},{"_id":"node_modules/hexo-theme-landscape/source/fancybox/jquery.fancybox.min.js","path":"fancybox/jquery.fancybox.min.js","modified":0,"renderable":1},{"_id":"node_modules/hexo-theme-landscape/source/js/jquery-3.6.4.min.js","path":"js/jquery-3.6.4.min.js","modified":0,"renderable":1},{"_id":"node_modules/hexo-theme-landscape/source/js/script.js","path":"js/script.js","modified":0,"renderable":1},{"_id":"node_modules/hexo-theme-landscape/source/css/images/banner.jpg","path":"css/images/banner.jpg","modified":0,"renderable":1}],"Cache":[{"_id":"source/_posts/hello-world.md","hash":"7d98d6592de80fdcd2949bd7401cec12afd98cdf","modified":1763906154843},{"_id":"node_modules/hexo-theme-landscape/LICENSE","hash":"c480fce396b23997ee23cc535518ffaaf7f458f8","modified":1763995652955},{"_id":"node_modules/hexo-theme-landscape/README.md","hash":"6497b70356271fd6f9f1dc862353be844c457a53","modified":1763995659004},{"_id":"node_modules/hexo-theme-landscape/_config.yml","hash":"a93d7b3990e45bc7247eecf01888f71674887a63","modified":1763995659119},{"_id":"node_modules/hexo-theme-landscape/package.json","hash":"06889bee30e4c39479467021da434d3a6a0990fc","modified":1763995658997},{"_id":"node_modules/hexo-theme-landscape/layout/archive.ejs","hash":"97160b8111dd0283f8231408bcab4c87d31c1646","modified":1763995655117},{"_id":"node_modules/hexo-theme-landscape/layout/category.ejs","hash":"97160b8111dd0283f8231408bcab4c87d31c1646","modified":1763995656286},{"_id":"node_modules/hexo-theme-landscape/layout/index.ejs","hash":"57281fc3812c877ec2d8e89ec87ede57b9789d4c","modified":1763995656738},{"_id":"node_modules/hexo-theme-landscape/layout/layout.ejs","hash":"0d1765036e4874500e68256fedb7470e96eeb6ee","modified":1763995656754},{"_id":"node_modules/hexo-theme-landscape/layout/page.ejs","hash":"7d80e4e36b14d30a7cd2ac1f61376d9ebf264e8b","modified":1763995657768},{"_id":"node_modules/hexo-theme-landscape/layout/post.ejs","hash":"7d80e4e36b14d30a7cd2ac1f61376d9ebf264e8b","modified":1763995657777},{"_id":"node_modules/hexo-theme-landscape/layout/tag.ejs","hash":"97160b8111dd0283f8231408bcab4c87d31c1646","modified":1763995657822},{"_id":"node_modules/hexo-theme-landscape/languages/de-DE.yml","hash":"d29d1c4256b7ed9df42f511c2ff0a23ad5fd6c1f","modified":1763995659138},{"_id":"node_modules/hexo-theme-landscape/languages/default.yml","hash":"ea5e6aee4cb14510793ac4593a3bddffe23e530c","modified":1763995659153},{"_id":"node_modules/hexo-theme-landscape/languages/de.yml","hash":"3ebf0775abbee928c8d7bda943c191d166ded0d3","modified":1763995659142},{"_id":"node_modules/hexo-theme-landscape/languages/en-GB.yml","hash":"ea5e6aee4cb14510793ac4593a3bddffe23e530c","modified":1763995659164},{"_id":"node_modules/hexo-theme-landscape/languages/en-US.yml","hash":"ea5e6aee4cb14510793ac4593a3bddffe23e530c","modified":1763995659168},{"_id":"node_modules/hexo-theme-landscape/languages/es-ES.yml","hash":"7008a8fc91f18d2a735864817b8ebda30c7a2c66","modified":1763995659179},{"_id":"node_modules/hexo-theme-landscape/languages/en.yml","hash":"3083f319b352d21d80fc5e20113ddf27889c9d11","modified":1763995659174},{"_id":"node_modules/hexo-theme-landscape/languages/es.yml","hash":"76edb1171b86532ef12cfd15f5f2c1ac3949f061","modified":1763995659216},{"_id":"node_modules/hexo-theme-landscape/languages/fr-FR.yml","hash":"8d09dbdab00a30a2870b56f7c0a7ca7deafa7b88","modified":1763995659251},{"_id":"node_modules/hexo-theme-landscape/languages/fr.yml","hash":"415e1c580ced8e4ce20b3b0aeedc3610341c76fb","modified":1763995659272},{"_id":"node_modules/hexo-theme-landscape/languages/hu-HU.yml","hash":"712d18664898fa21ba38d4973e90ef41a324ea25","modified":1763995659276},{"_id":"node_modules/hexo-theme-landscape/languages/it-IT.yml","hash":"2cb6dc2fab9bd2dbe1c8bb869a9e8bf85a564fdd","modified":1763995659355},{"_id":"node_modules/hexo-theme-landscape/languages/it.yml","hash":"89b7d91306b2c1a0f3ac023b657bf974f798a1e8","modified":1763995659398},{"_id":"node_modules/hexo-theme-landscape/languages/ja-JP.yml","hash":"08481267e0c112e1f6855620f2837ec4c4a98bbd","modified":1763995659407},{"_id":"node_modules/hexo-theme-landscape/languages/ja.yml","hash":"a73e1b9c80fd6e930e2628b393bfe3fb716a21a9","modified":1763995659488},{"_id":"node_modules/hexo-theme-landscape/languages/hu.yml","hash":"284d557130bf54a74e7dcef9d42096130e4d9550","modified":1763995659303},{"_id":"node_modules/hexo-theme-landscape/languages/ko-KR.yml","hash":"19209ad8f9d4057e8df808937f950eb265e1db69","modified":1763995659493},{"_id":"node_modules/hexo-theme-landscape/languages/mn.yml","hash":"2e7523951072a9403ead3840ad823edd1084c116","modified":1763995659501},{"_id":"node_modules/hexo-theme-landscape/languages/ko.yml","hash":"881d6a0a101706e0452af81c580218e0bfddd9cf","modified":1763995659496},{"_id":"node_modules/hexo-theme-landscape/languages/mn-MN.yml","hash":"b9e5f3e7c0c2f779cf2cfded6db847b5941637ca","modified":1763995659498},{"_id":"node_modules/hexo-theme-landscape/languages/nl-NL.yml","hash":"5ebbc30021f05d99938f96dfff280392df7f91f0","modified":1763995659504},{"_id":"node_modules/hexo-theme-landscape/languages/no.yml","hash":"965a171e70347215ec726952e63f5b47930931ef","modified":1763995659508},{"_id":"node_modules/hexo-theme-landscape/languages/nl.yml","hash":"12ed59faba1fc4e8cdd1d42ab55ef518dde8039c","modified":1763995659506},{"_id":"node_modules/hexo-theme-landscape/languages/pt-PT.yml","hash":"0f852b6b228e6ea59aa3540574bb89b233f2a098","modified":1763995659511},{"_id":"node_modules/hexo-theme-landscape/languages/pt.yml","hash":"57d07b75d434fbfc33b0ddb543021cb5f53318a8","modified":1763995659515},{"_id":"node_modules/hexo-theme-landscape/languages/ru-RU.yml","hash":"360d11a28bb768afb1dd15f63fa7fd3a8cc547ee","modified":1763995659517},{"_id":"node_modules/hexo-theme-landscape/languages/ru.yml","hash":"4fda301bbd8b39f2c714e2c934eccc4b27c0a2b0","modified":1763995659520},{"_id":"node_modules/hexo-theme-landscape/languages/th-TH.yml","hash":"ebfdba9bc4842c829473c1e6e4544344f182724d","modified":1763995659522},{"_id":"node_modules/hexo-theme-landscape/languages/th.yml","hash":"84a55b00aa01f03982be294e43c33a20e6d32862","modified":1763995659524},{"_id":"node_modules/hexo-theme-landscape/languages/tr.yml","hash":"a1cdbfa17682d7a971de8ab8588bf57c74224b5b","modified":1763995659527},{"_id":"node_modules/hexo-theme-landscape/languages/zh-CN.yml","hash":"1efd95774f401c80193eac6ee3f1794bfe93dc5a","modified":1763995659529},{"_id":"node_modules/hexo-theme-landscape/scripts/fancybox.js","hash":"c857d7a5e4a5d71c743a009c5932bf84229db428","modified":1763995658014},{"_id":"node_modules/hexo-theme-landscape/languages/zh-TW.yml","hash":"53ce3000c5f767759c7d2c4efcaa9049788599c3","modified":1763995659532},{"_id":"node_modules/hexo-theme-landscape/layout/_partial/after-footer.ejs","hash":"1b89d0caba03a66a43d9c290a5e94fa438a89210","modified":1763995653265},{"_id":"node_modules/hexo-theme-landscape/layout/_partial/archive-post.ejs","hash":"c7a71425a946d05414c069ec91811b5c09a92c47","modified":1763995653780},{"_id":"node_modules/hexo-theme-landscape/layout/_partial/archive.ejs","hash":"0039146b8ccbdf9b9f8bee58fc6c238f0e9921fc","modified":1763995654069},{"_id":"node_modules/hexo-theme-landscape/layout/_partial/article.ejs","hash":"e9d4678e14be5e3cd5e34d783e5af6d6626092f5","modified":1763995655225},{"_id":"node_modules/hexo-theme-landscape/layout/_partial/gauges-analytics.ejs","hash":"21a1e2a3907d1a3dad1cd0ab855fe6735f233c74","modified":1763995656362},{"_id":"node_modules/hexo-theme-landscape/layout/_partial/footer.ejs","hash":"3656eb692254346671abc03cb3ba1459829e0dce","modified":1763995656322},{"_id":"node_modules/hexo-theme-landscape/layout/_partial/google-analytics.ejs","hash":"2ea7442ea1e1a8ab4e41e26c563f58413b59a3d0","modified":1763995656378},{"_id":"node_modules/hexo-theme-landscape/layout/_partial/head.ejs","hash":"0e94f5722d4c44d3cc91be2f4fd30b9ab503b868","modified":1763995656428},{"_id":"node_modules/hexo-theme-landscape/layout/_partial/header.ejs","hash":"6a5033d189554c9a6d42e2ef7952ae5c9742648e","modified":1763995656724},{"_id":"node_modules/hexo-theme-landscape/layout/_partial/mobile-nav.ejs","hash":"e952a532dfc583930a666b9d4479c32d4a84b44e","modified":1763995656804},{"_id":"node_modules/hexo-theme-landscape/layout/_partial/sidebar.ejs","hash":"930da35cc2d447a92e5ee8f835735e6fd2232469","modified":1763995657796},{"_id":"node_modules/hexo-theme-landscape/layout/_widget/archive.ejs","hash":"beb4a86fcc82a9bdda9289b59db5a1988918bec3","modified":1763995655058},{"_id":"node_modules/hexo-theme-landscape/layout/_widget/category.ejs","hash":"dd1e5af3c6af3f5d6c85dfd5ca1766faed6a0b05","modified":1763995655517},{"_id":"node_modules/hexo-theme-landscape/layout/_widget/recent_posts.ejs","hash":"60c4b012dcc656438ff59997e60367e5a21ab746","modified":1763995657789},{"_id":"node_modules/hexo-theme-landscape/layout/_widget/tag.ejs","hash":"2de380865df9ab5f577f7d3bcadf44261eb5faae","modified":1763995657814},{"_id":"node_modules/hexo-theme-landscape/layout/_widget/tagcloud.ejs","hash":"b4a2079101643f63993dcdb32925c9b071763b46","modified":1763995657828},{"_id":"node_modules/hexo-theme-landscape/source/css/_extend.styl","hash":"222fbe6d222531d61c1ef0f868c90f747b1c2ced","modified":1763995659015},{"_id":"node_modules/hexo-theme-landscape/source/css/_variables.styl","hash":"ca28281423ae57d76b6c1eb91cd845fd4e518bd6","modified":1763995659022},{"_id":"node_modules/hexo-theme-landscape/source/css/style.styl","hash":"e55a1d92954ed20f6887f92dc727bb995a010a43","modified":1763995659112},{"_id":"node_modules/hexo-theme-landscape/source/fancybox/jquery.fancybox.min.css","hash":"1be9b79be02a1cfc5d96c4a5e0feb8f472babd95","modified":1763995653113},{"_id":"node_modules/hexo-theme-landscape/source/js/script.js","hash":"49773efcb2221bbdf2d86f3f5c5ff2d841b528cc","modified":1763995658988},{"_id":"node_modules/hexo-theme-landscape/layout/_partial/post/category.ejs","hash":"c6bcd0e04271ffca81da25bcff5adf3d46f02fc0","modified":1763995655288},{"_id":"node_modules/hexo-theme-landscape/layout/_partial/post/date.ejs","hash":"f1458584b679545830b75bef2526e2f3eb931045","modified":1763995656306},{"_id":"node_modules/hexo-theme-landscape/layout/_partial/post/gallery.ejs","hash":"3d9d81a3c693ff2378ef06ddb6810254e509de5b","modified":1763995656339},{"_id":"node_modules/hexo-theme-landscape/layout/_partial/post/nav.ejs","hash":"16a904de7bceccbb36b4267565f2215704db2880","modified":1763995657081},{"_id":"node_modules/hexo-theme-landscape/layout/_partial/post/tag.ejs","hash":"2fcb0bf9c8847a644167a27824c9bb19ac74dd14","modified":1763995657805},{"_id":"node_modules/hexo-theme-landscape/layout/_partial/post/title.ejs","hash":"4d7e62574ddf46de9b41605fe3140d77b5ddb26d","modified":1763995657836},{"_id":"node_modules/hexo-theme-landscape/source/css/_partial/archive.styl","hash":"db15f5677dc68f1730e82190bab69c24611ca292","modified":1763995659032},{"_id":"node_modules/hexo-theme-landscape/source/css/_partial/article.styl","hash":"f608400a08cf137ab15ec1f44bac551950afe879","modified":1763995659041},{"_id":"node_modules/hexo-theme-landscape/source/css/_partial/comment.styl","hash":"79d280d8d203abb3bd933ca9b8e38c78ec684987","modified":1763995659047},{"_id":"node_modules/hexo-theme-landscape/source/css/_partial/footer.styl","hash":"e35a060b8512031048919709a8e7b1ec0e40bc1b","modified":1763995659054},{"_id":"node_modules/hexo-theme-landscape/source/css/_partial/highlight.styl","hash":"9cc3b2927d814f2f6e8e188f9d3657b94f4c6ef3","modified":1763995659077},{"_id":"node_modules/hexo-theme-landscape/source/css/_partial/mobile.styl","hash":"a399cf9e1e1cec3e4269066e2948d7ae5854d745","modified":1763995659090},{"_id":"node_modules/hexo-theme-landscape/source/css/_partial/header.styl","hash":"268d2989acb06e2ddd06cc36a6918c6cd865476b","modified":1763995659071},{"_id":"node_modules/hexo-theme-landscape/source/css/_partial/sidebar-aside.styl","hash":"890349df5145abf46ce7712010c89237900b3713","modified":1763995659095},{"_id":"node_modules/hexo-theme-landscape/source/css/_partial/sidebar-bottom.styl","hash":"8fd4f30d319542babfd31f087ddbac550f000a8a","modified":1763995659100},{"_id":"node_modules/hexo-theme-landscape/source/css/_partial/sidebar.styl","hash":"404ec059dc674a48b9ab89cd83f258dec4dcb24d","modified":1763995659104},{"_id":"node_modules/hexo-theme-landscape/source/css/_util/grid.styl","hash":"0bf55ee5d09f193e249083602ac5fcdb1e571aed","modified":1763995659065},{"_id":"node_modules/hexo-theme-landscape/source/css/_util/mixin.styl","hash":"44f32767d9fd3c1c08a60d91f181ee53c8f0dbb3","modified":1763995659084},{"_id":"node_modules/hexo-theme-landscape/source/fancybox/jquery.fancybox.min.js","hash":"6181412e73966696d08e1e5b1243a572d0f22ba6","modified":1763995658172},{"_id":"node_modules/hexo-theme-landscape/source/js/jquery-3.6.4.min.js","hash":"eda46747c71d38a880bee44f9a439c3858bb8f99","modified":1763995658042},{"_id":"node_modules/hexo-theme-landscape/source/css/images/banner.jpg","hash":"f44aa591089fcb3ec79770a1e102fd3289a7c6a6","modified":1763995658005},{"_id":"public/2025/11/24/hello-world/index.html","hash":"264e4796d06b68b0911ae040d6e9709c23137751","modified":1763995678072},{"_id":"public/archives/index.html","hash":"3af9a315a09eb058028457cfe70de773671f9243","modified":1763995678072},{"_id":"public/archives/2025/index.html","hash":"4d2dad2c3f7112a12274c96a25f4a7940c0d98be","modified":1763995678072},{"_id":"public/archives/2025/11/index.html","hash":"4b00202094601934ee8fa42396fcc7488ee293a4","modified":1763995678072},{"_id":"public/index.html","hash":"8f2e05c074eb224a04e353c2030175f558614621","modified":1763995678072},{"_id":"public/css/style.css","hash":"ecc329be740a220cc188ff49b02da4847cb7ee5e","modified":1763995678072},{"_id":"public/fancybox/jquery.fancybox.min.css","hash":"1be9b79be02a1cfc5d96c4a5e0feb8f472babd95","modified":1763995678072},{"_id":"public/js/script.js","hash":"49773efcb2221bbdf2d86f3f5c5ff2d841b528cc","modified":1763995678072},{"_id":"public/js/jquery-3.6.4.min.js","hash":"eda46747c71d38a880bee44f9a439c3858bb8f99","modified":1763995678072},{"_id":"public/fancybox/jquery.fancybox.min.js","hash":"6181412e73966696d08e1e5b1243a572d0f22ba6","modified":1763995678072},{"_id":"public/css/images/banner.jpg","hash":"f44aa591089fcb3ec79770a1e102fd3289a7c6a6","modified":1763995678072}],"Category":[],"Data":[],"Page":[],"Post":[{"title":"Hello World","_content":"Welcome to [Hexo](https://hexo.io/)! This is your very first post. Check [documentation](https://hexo.io/docs/) for more info. If you get any problems when using Hexo, you can find the answer in [troubleshooting](https://hexo.io/docs/troubleshooting.html) or you can ask me on [GitHub](https://github.com/hexojs/hexo/issues).\n\n## Quick Start\n\n### Create a new post\n\n``` bash\n$ hexo new \"My New Post\"\n```\n\nMore info: [Writing](https://hexo.io/docs/writing.html)\n\n### Run server\n\n``` bash\n$ hexo server\n```\n\nMore info: [Server](https://hexo.io/docs/server.html)\n\n### Generate static files\n\n``` bash\n$ hexo generate\n```\n\nMore info: [Generating](https://hexo.io/docs/generating.html)\n\n### Deploy to remote sites\n\n``` bash\n$ hexo deploy\n```\n\nMore info: [Deployment](https://hexo.io/docs/one-command-deployment.html)\n","source":"_posts/hello-world.md","raw":"---\ntitle: Hello World\n---\nWelcome to [Hexo](https://hexo.io/)! This is your very first post. Check [documentation](https://hexo.io/docs/) for more info. If you get any problems when using Hexo, you can find the answer in [troubleshooting](https://hexo.io/docs/troubleshooting.html) or you can ask me on [GitHub](https://github.com/hexojs/hexo/issues).\n\n## Quick Start\n\n### Create a new post\n\n``` bash\n$ hexo new \"My New Post\"\n```\n\nMore info: [Writing](https://hexo.io/docs/writing.html)\n\n### Run server\n\n``` bash\n$ hexo server\n```\n\nMore info: [Server](https://hexo.io/docs/server.html)\n\n### Generate static files\n\n``` bash\n$ hexo generate\n```\n\nMore info: [Generating](https://hexo.io/docs/generating.html)\n\n### Deploy to remote sites\n\n``` bash\n$ hexo deploy\n```\n\nMore info: [Deployment](https://hexo.io/docs/one-command-deployment.html)\n","slug":"hello-world","published":1,"date":"2025-11-24T14:47:26.671Z","updated":"2025-11-23T13:55:54.843Z","comments":1,"layout":"post","photos":[],"_id":"cmid9hcg10000rwu242a5bd95","content":"<p>Welcome to <a href=\"https://hexo.io/\">Hexo</a>! This is your very first post. Check <a href=\"https://hexo.io/docs/\">documentation</a> for more info. If you get any problems when using Hexo, you can find the answer in <a href=\"https://hexo.io/docs/troubleshooting.html\">troubleshooting</a> or you can ask me on <a href=\"https://github.com/hexojs/hexo/issues\">GitHub</a>.</p>\n<h2 id=\"Quick-Start\"><a href=\"#Quick-Start\" class=\"headerlink\" title=\"Quick Start\"></a>Quick Start</h2><h3 id=\"Create-a-new-post\"><a href=\"#Create-a-new-post\" class=\"headerlink\" title=\"Create a new post\"></a>Create a new post</h3><figure class=\"highlight bash\"><table><tr><td class=\"gutter\"><pre><span class=\"line\">1</span><br></pre></td><td class=\"code\"><pre><span class=\"line\">$ hexo new <span class=\"string\">&quot;My New Post&quot;</span></span><br></pre></td></tr></table></figure>\n\n<p>More info: <a href=\"https://hexo.io/docs/writing.html\">Writing</a></p>\n<h3 id=\"Run-server\"><a href=\"#Run-server\" class=\"headerlink\" title=\"Run server\"></a>Run server</h3><figure class=\"highlight bash\"><table><tr><td class=\"gutter\"><pre><span class=\"line\">1</span><br></pre></td><td class=\"code\"><pre><span class=\"line\">$ hexo server</span><br></pre></td></tr></table></figure>\n\n<p>More info: <a href=\"https://hexo.io/docs/server.html\">Server</a></p>\n<h3 id=\"Generate-static-files\"><a href=\"#Generate-static-files\" class=\"headerlink\" title=\"Generate static files\"></a>Generate static files</h3><figure class=\"highlight bash\"><table><tr><td class=\"gutter\"><pre><span class=\"line\">1</span><br></pre></td><td class=\"code\"><pre><span class=\"line\">$ hexo generate</span><br></pre></td></tr></table></figure>\n\n<p>More info: <a href=\"https://hexo.io/docs/generating.html\">Generating</a></p>\n<h3 id=\"Deploy-to-remote-sites\"><a href=\"#Deploy-to-remote-sites\" class=\"headerlink\" title=\"Deploy to remote sites\"></a>Deploy to remote sites</h3><figure class=\"highlight bash\"><table><tr><td class=\"gutter\"><pre><span class=\"line\">1</span><br></pre></td><td class=\"code\"><pre><span class=\"line\">$ hexo deploy</span><br></pre></td></tr></table></figure>\n\n<p>More info: <a href=\"https://hexo.io/docs/one-command-deployment.html\">Deployment</a></p>\n","excerpt":"","more":"<p>Welcome to <a href=\"https://hexo.io/\">Hexo</a>! This is your very first post. Check <a href=\"https://hexo.io/docs/\">documentation</a> for more info. If you get any problems when using Hexo, you can find the answer in <a href=\"https://hexo.io/docs/troubleshooting.html\">troubleshooting</a> or you can ask me on <a href=\"https://github.com/hexojs/hexo/issues\">GitHub</a>.</p>\n<h2 id=\"Quick-Start\"><a href=\"#Quick-Start\" class=\"headerlink\" title=\"Quick Start\"></a>Quick Start</h2><h3 id=\"Create-a-new-post\"><a href=\"#Create-a-new-post\" class=\"headerlink\" title=\"Create a new post\"></a>Create a new post</h3><figure class=\"highlight bash\"><table><tr><td class=\"gutter\"><pre><span class=\"line\">1</span><br></pre></td><td class=\"code\"><pre><span class=\"line\">$ hexo new <span class=\"string\">&quot;My New Post&quot;</span></span><br></pre></td></tr></table></figure>\n\n<p>More info: <a href=\"https://hexo.io/docs/writing.html\">Writing</a></p>\n<h3 id=\"Run-server\"><a href=\"#Run-server\" class=\"headerlink\" title=\"Run server\"></a>Run server</h3><figure class=\"highlight bash\"><table><tr><td class=\"gutter\"><pre><span class=\"line\">1</span><br></pre></td><td class=\"code\"><pre><span class=\"line\">$ hexo server</span><br></pre></td></tr></table></figure>\n\n<p>More info: <a href=\"https://hexo.io/docs/server.html\">Server</a></p>\n<h3 id=\"Generate-static-files\"><a href=\"#Generate-static-files\" class=\"headerlink\" title=\"Generate static files\"></a>Generate static files</h3><figure class=\"highlight bash\"><table><tr><td class=\"gutter\"><pre><span class=\"line\">1</span><br></pre></td><td class=\"code\"><pre><span class=\"line\">$ hexo generate</span><br></pre></td></tr></table></figure>\n\n<p>More info: <a href=\"https://hexo.io/docs/generating.html\">Generating</a></p>\n<h3 id=\"Deploy-to-remote-sites\"><a href=\"#Deploy-to-remote-sites\" class=\"headerlink\" title=\"Deploy to remote sites\"></a>Deploy to remote sites</h3><figure class=\"highlight bash\"><table><tr><td class=\"gutter\"><pre><span class=\"line\">1</span><br></pre></td><td class=\"code\"><pre><span class=\"line\">$ hexo deploy</span><br></pre></td></tr></table></figure>\n\n<p>More info: <a href=\"https://hexo.io/docs/one-command-deployment.html\">Deployment</a></p>\n"}],"PostAsset":[],"PostCategory":[],"PostTag":[],"Tag":[]}}